kernel,server_type,model,input_tokens,output_tokens,total_tokens
1_Square_matrix_multiplication_.py,kimi,kimi-k3,6387,4363,10750
1_Square_matrix_multiplication_.py,kimi,kimi-k3,5471,9925,15396
1_Square_matrix_multiplication_.py,kimi,kimi-k3,6474,11866,18340
1_Square_matrix_multiplication_.py,kimi,kimi-k3,6730,9590,16320
4_Matrix_vector_multiplication_.py,kimi,kimi-k3,6393,14648,21041
4_Matrix_vector_multiplication_.py,kimi,kimi-k3,5833,6704,12537
4_Matrix_vector_multiplication_.py,kimi,kimi-k3,6710,7321,14031
4_Matrix_vector_multiplication_.py,kimi,kimi-k3,8818,1511,10329
4_Matrix_vector_multiplication_.py,kimi,kimi-k3,6440,212,6652
4_Matrix_vector_multiplication_.py,kimi,kimi-k3,6973,4748,11721
4_Matrix_vector_multiplication_.py,kimi,kimi-k3,9090,1491,10581
4_Matrix_vector_multiplication_.py,kimi,kimi-k3,6723,240,6963
4_Matrix_vector_multiplication_.py,kimi,kimi-k3,9090,762,9852
4_Matrix_vector_multiplication_.py,kimi,kimi-k3,6707,271,6978
4_Matrix_vector_multiplication_.py,kimi,kimi-k3,7840,8396,16236
4_Matrix_vector_multiplication_.py,kimi,kimi-k3,7641,2286,9927
4_Matrix_vector_multiplication_.py,kimi,kimi-k3,6936,15333,22269
4_Matrix_vector_multiplication_.py,kimi,kimi-k3,6936,6095,13031
4_Matrix_vector_multiplication_.py,kimi,kimi-k3,7632,12879,20511
4_Matrix_vector_multiplication_.py,kimi,kimi-k3,7492,17288,24780
4_Matrix_vector_multiplication_.py,kimi,kimi-k3,8900,7290,16190
4_Matrix_vector_multiplication_.py,kimi,kimi-k3,8880,18407,27287
9_Tall_skinny_matrix_multiplication_.py,kimi,kimi-k3,6435,25456,31891
9_Tall_skinny_matrix_multiplication_.py,kimi,kimi-k3,6652,20198,26850
9_Tall_skinny_matrix_multiplication_.py,kimi,kimi-k3,7224,8233,15457
9_Tall_skinny_matrix_multiplication_.py,kimi,kimi-k3,7294,8535,15829
9_Tall_skinny_matrix_multiplication_.py,kimi,kimi-k3,7676,4272,11948
9_Tall_skinny_matrix_multiplication_.py,kimi,kimi-k3,7563,12802,20365
9_Tall_skinny_matrix_multiplication_.py,kimi,kimi-k3,7318,3970,11288
9_Tall_skinny_matrix_multiplication_.py,kimi,kimi-k3,7387,5053,12440
9_Tall_skinny_matrix_multiplication_.py,kimi,kimi-k3,7578,21358,28936
9_Tall_skinny_matrix_multiplication_.py,kimi,kimi-k3,7694,32000,39694
21_Sigmoid.py,kimi,kimi-k3,6362,5451,11813
21_Sigmoid.py,kimi,kimi-k3,4688,1672,6360
1_Square_matrix_multiplication_.py,kimi,kimi-k3,6387,5728,12115
1_Square_matrix_multiplication_.py,kimi,kimi-k3,7906,3914,11820
1_Square_matrix_multiplication_.py,kimi,kimi-k3,5466,613,6079
21_Sigmoid.py,kimi,kimi-k3,6362,3809,10171
21_Sigmoid.py,kimi,kimi-k3,4577,995,5572
21_Sigmoid.py,kimi,kimi-k3,4877,1067,5944
21_Sigmoid.py,kimi,kimi-k3,4985,1276,6261
21_Sigmoid.py,kimi,kimi-k3,4984,3821,8805
21_Sigmoid.py,kimi,kimi-k3,5307,3162,8469
21_Sigmoid.py,kimi,kimi-k3,5307,709,6016
21_Sigmoid.py,kimi,kimi-k3,5335,1393,6728
21_Sigmoid.py,kimi,kimi-k3,5712,1856,7568
21_Sigmoid.py,kimi,kimi-k3,5658,2851,8509
21_Sigmoid.py,kimi,kimi-k3,5736,2342,8078
22_Tanh.py,kimi,kimi-k3,6362,14742,21104
22_Tanh.py,kimi,kimi-k3,5096,682,5778
22_Tanh.py,kimi,kimi-k3,6387,1559,7946
22_Tanh.py,kimi,kimi-k3,4213,2176,6389
22_Tanh.py,kimi,kimi-k3,5543,2941,8484
22_Tanh.py,kimi,kimi-k3,5896,1360,7256
22_Tanh.py,kimi,kimi-k3,5869,3364,9233
22_Tanh.py,kimi,kimi-k3,5870,558,6428
22_Tanh.py,kimi,kimi-k3,5992,2343,8335
22_Tanh.py,kimi,kimi-k3,5811,3150,8961
22_Tanh.py,kimi,kimi-k3,5815,6532,12347
22_Tanh.py,kimi,kimi-k3,6168,3746,9914
22_Tanh.py,kimi,kimi-k3,7970,948,8918
22_Tanh.py,kimi,kimi-k3,5641,264,5905
22_Tanh.py,kimi,kimi-k3,7970,840,8810
22_Tanh.py,kimi,kimi-k3,5500,234,5734
22_Tanh.py,kimi,kimi-k3,6362,1381,7743
33_BatchNorm.py,kimi,kimi-k3,6416,8164,14580
33_BatchNorm.py,kimi,kimi-k3,6761,5969,12730
33_BatchNorm.py,kimi,kimi-k3,8168,6290,14458
33_BatchNorm.py,kimi,kimi-k3,8741,2732,11473
33_BatchNorm.py,kimi,kimi-k3,9089,9337,18426
33_BatchNorm.py,kimi,kimi-k3,9634,3490,13124
33_BatchNorm.py,kimi,kimi-k3,9897,1151,11048
33_BatchNorm.py,kimi,kimi-k3,9668,3132,12800
33_BatchNorm.py,kimi,kimi-k3,9668,3499,13167
33_BatchNorm.py,kimi,kimi-k3,10076,5191,15267
33_BatchNorm.py,kimi,kimi-k3,11032,3163,14195
33_BatchNorm.py,kimi,kimi-k3,11160,10006,21166
36_RMSNorm_.py,kimi,kimi-k3,6501,4885,11386
21_Sigmoid.py,kimi,kimi-k3,6362,3867,10229
36_RMSNorm_.py,kimi,kimi-k3,6501,3967,10468
36_RMSNorm_.py,kimi,kimi-k3,8012,3602,11614
36_RMSNorm_.py,kimi,kimi-k3,5783,473,6256
36_RMSNorm_.py,kimi,kimi-k3,8012,1470,9482
36_RMSNorm_.py,kimi,kimi-k3,5995,625,6620
36_RMSNorm_.py,kimi,kimi-k3,8012,3519,11531
36_RMSNorm_.py,kimi,kimi-k3,5742,694,6436
36_RMSNorm_.py,kimi,kimi-k3,8012,1243,9255
36_RMSNorm_.py,kimi,kimi-k3,5881,225,6106
40_LayerNorm.py,kimi,kimi-k3,6421,17070,23491
40_LayerNorm.py,kimi,kimi-k3,9724,1312,11036
40_LayerNorm.py,kimi,kimi-k3,8049,726,8775
40_LayerNorm.py,kimi,kimi-k3,7841,7344,15185
40_LayerNorm.py,kimi,kimi-k3,8200,4840,13040
40_LayerNorm.py,kimi,kimi-k3,8238,8064,16302
40_LayerNorm.py,kimi,kimi-k3,8249,5551,13800
40_LayerNorm.py,kimi,kimi-k3,8483,7381,15864
40_LayerNorm.py,kimi,kimi-k3,8650,16293,24943
40_LayerNorm.py,kimi,kimi-k3,8809,4725,13534
40_LayerNorm.py,kimi,kimi-k3,9104,31865,40969
40_LayerNorm.py,kimi,kimi-k3,12701,997,13698
40_LayerNorm.py,kimi,kimi-k3,11574,363,11937
40_LayerNorm.py,kimi,kimi-k3,12701,1616,14317
40_LayerNorm.py,kimi,kimi-k3,11687,546,12233
40_LayerNorm.py,kimi,kimi-k3,12701,1211,13912
40_LayerNorm.py,kimi,kimi-k3,11532,288,11820
40_LayerNorm.py,kimi,kimi-k3,11721,5181,16902
40_LayerNorm.py,kimi,kimi-k3,10924,9815,20739
40_LayerNorm.py,kimi,kimi-k3,12971,2707,15678
40_LayerNorm.py,kimi,kimi-k3,13066,5993,19059
49_Max_reduction_over_a_dimension.py,kimi,kimi-k3,6410,2959,9369
49_Max_reduction_over_a_dimension.py,kimi,kimi-k3,4831,6559,11390
49_Max_reduction_over_a_dimension.py,kimi,kimi-k3,5294,5092,10386
49_Max_reduction_over_a_dimension.py,kimi,kimi-k3,5595,5314,10909
49_Max_reduction_over_a_dimension.py,kimi,kimi-k3,5798,28107,33905
49_Max_reduction_over_a_dimension.py,kimi,kimi-k3,5499,9870,15369
49_Max_reduction_over_a_dimension.py,kimi,kimi-k3,5547,6166,11713
49_Max_reduction_over_a_dimension.py,kimi,kimi-k3,5630,9438,15068
49_Max_reduction_over_a_dimension.py,kimi,kimi-k3,5653,22233,27886
49_Max_reduction_over_a_dimension.py,kimi,kimi-k3,7770,3040,10810
49_Max_reduction_over_a_dimension.py,kimi,kimi-k3,7750,8027,15777
53_Min_reduction_over_a_dimension.py,kimi,kimi-k3,6410,9685,16095
53_Min_reduction_over_a_dimension.py,kimi,kimi-k3,5050,5120,10170
53_Min_reduction_over_a_dimension.py,kimi,kimi-k3,6460,2680,9140
53_Min_reduction_over_a_dimension.py,kimi,kimi-k3,6597,11262,17859
53_Min_reduction_over_a_dimension.py,kimi,kimi-k3,7049,2417,9466
53_Min_reduction_over_a_dimension.py,kimi,kimi-k3,7058,5564,12622
53_Min_reduction_over_a_dimension.py,kimi,kimi-k3,7191,23712,30903
53_Min_reduction_over_a_dimension.py,kimi,kimi-k3,8032,6044,14076
53_Min_reduction_over_a_dimension.py,kimi,kimi-k3,8089,2773,10862
53_Min_reduction_over_a_dimension.py,kimi,kimi-k3,8212,11519,19731
53_Min_reduction_over_a_dimension.py,kimi,kimi-k3,8320,4807,13127
54_conv_standard_3D__square_input__square_kernel.py,kimi,kimi-k3,6671,4969,11640
54_conv_standard_3D__square_input__square_kernel.py,kimi,kimi-k3,8892,6179,15071
55_conv_standard_2D__asymmetric_input__square_kernel.py,kimi,kimi-k3,6679,9911,16590
55_conv_standard_2D__asymmetric_input__square_kernel.py,kimi,kimi-k3,8448,3488,11936
55_conv_standard_2D__asymmetric_input__square_kernel.py,kimi,kimi-k3,8811,15974,24785
55_conv_standard_2D__asymmetric_input__square_kernel.py,kimi,kimi-k3,11164,1005,12169
55_conv_standard_2D__asymmetric_input__square_kernel.py,kimi,kimi-k3,9417,512,9929
55_conv_standard_2D__asymmetric_input__square_kernel.py,kimi,kimi-k3,9718,7772,17490
58_conv_transposed_3D__asymmetric_input__asymmetric_kernel.py,kimi,kimi-k3,6779,12461,19240
58_conv_transposed_3D__asymmetric_input__asymmetric_kernel.py,kimi,kimi-k3,8841,6715,15556
58_conv_transposed_3D__asymmetric_input__asymmetric_kernel.py,kimi,kimi-k3,9407,4742,14149
58_conv_transposed_3D__asymmetric_input__asymmetric_kernel.py,kimi,kimi-k3,8951,16024,24975
58_conv_transposed_3D__asymmetric_input__asymmetric_kernel.py,kimi,kimi-k3,9733,13610,23343
58_conv_transposed_3D__asymmetric_input__asymmetric_kernel.py,kimi,kimi-k3,10117,14540,24657
59_conv_standard_3D__asymmetric_input__square_kernel.py,kimi,kimi-k3,6679,20659,27338
59_conv_standard_3D__asymmetric_input__square_kernel.py,kimi,kimi-k3,8467,20977,29444
59_conv_standard_3D__asymmetric_input__square_kernel.py,kimi,kimi-k3,8467,5615,14082
59_conv_standard_3D__asymmetric_input__square_kernel.py,kimi,kimi-k3,9032,22133,31165
59_conv_standard_3D__asymmetric_input__square_kernel.py,kimi,kimi-k3,9271,9792,19063
59_conv_standard_3D__asymmetric_input__square_kernel.py,kimi,kimi-k3,9360,14507,23867
59_conv_standard_3D__asymmetric_input__square_kernel.py,kimi,kimi-k3,9552,5868,15420
59_conv_standard_3D__asymmetric_input__square_kernel.py,kimi,kimi-k3,9612,5353,14965
59_conv_standard_3D__asymmetric_input__square_kernel.py,kimi,kimi-k3,9719,1158,10877
59_conv_standard_3D__asymmetric_input__square_kernel.py,kimi,kimi-k3,9719,15741,25460
59_conv_standard_3D__asymmetric_input__square_kernel.py,kimi,kimi-k3,9472,9975,19447
59_conv_standard_3D__asymmetric_input__square_kernel.py,kimi,kimi-k3,9645,10965,20610
80_conv_standard_2D_square_input_asymmetric_kernel___dilated____padded__.py,kimi,kimi-k3,6667,6476,13143
80_conv_standard_2D_square_input_asymmetric_kernel___dilated____padded__.py,kimi,kimi-k3,8186,7276,15462
80_conv_standard_2D_square_input_asymmetric_kernel___dilated____padded__.py,kimi,kimi-k3,8545,4676,13221
80_conv_standard_2D_square_input_asymmetric_kernel___dilated____padded__.py,kimi,kimi-k3,8199,13009,21208
80_conv_standard_2D_square_input_asymmetric_kernel___dilated____padded__.py,kimi,kimi-k3,8535,7921,16456
80_conv_standard_2D_square_input_asymmetric_kernel___dilated____padded__.py,kimi,kimi-k3,10763,1491,12254
80_conv_standard_2D_square_input_asymmetric_kernel___dilated____padded__.py,kimi,kimi-k3,8891,388,9279
80_conv_standard_2D_square_input_asymmetric_kernel___dilated____padded__.py,kimi,kimi-k3,9300,2552,11852
80_conv_standard_2D_square_input_asymmetric_kernel___dilated____padded__.py,kimi,kimi-k3,9313,23808,33121
80_conv_standard_2D_square_input_asymmetric_kernel___dilated____padded__.py,kimi,kimi-k3,9775,9381,19156
80_conv_standard_2D_square_input_asymmetric_kernel___dilated____padded__.py,kimi,kimi-k3,9764,19680,29444
80_conv_standard_2D_square_input_asymmetric_kernel___dilated____padded__.py,kimi,kimi-k3,9785,13761,23546
80_conv_standard_2D_square_input_asymmetric_kernel___dilated____padded__.py,kimi,kimi-k3,9825,3954,13779
83_conv_depthwise_2D_square_input_asymmetric_kernel.py,kimi,kimi-k3,6611,4718,11329
83_conv_depthwise_2D_square_input_asymmetric_kernel.py,kimi,kimi-k3,7484,20407,27891
83_conv_depthwise_2D_square_input_asymmetric_kernel.py,kimi,kimi-k3,10333,3554,13887
83_conv_depthwise_2D_square_input_asymmetric_kernel.py,kimi,kimi-k3,10333,2522,12855
83_conv_depthwise_2D_square_input_asymmetric_kernel.py,kimi,kimi-k3,10317,11855,22172
83_conv_depthwise_2D_square_input_asymmetric_kernel.py,kimi,kimi-k3,11002,8592,19594
83_conv_depthwise_2D_square_input_asymmetric_kernel.py,kimi,kimi-k3,11023,5908,16931
83_conv_depthwise_2D_square_input_asymmetric_kernel.py,kimi,kimi-k3,10863,6042,16905
83_conv_depthwise_2D_square_input_asymmetric_kernel.py,kimi,kimi-k3,11111,10052,21163
83_conv_depthwise_2D_square_input_asymmetric_kernel.py,kimi,kimi-k3,11140,4707,15847
83_conv_depthwise_2D_square_input_asymmetric_kernel.py,kimi,kimi-k3,11253,7839,19092
83_conv_depthwise_2D_square_input_asymmetric_kernel.py,kimi,kimi-k3,11793,6528,18321
88_MinGPTNewGelu.py,kimi,kimi-k3,6393,2827,9220
88_MinGPTNewGelu.py,kimi,kimi-k3,4836,988,5824
88_MinGPTNewGelu.py,kimi,kimi-k3,5291,2064,7355
88_MinGPTNewGelu.py,kimi,kimi-k3,5414,1779,7193
88_MinGPTNewGelu.py,kimi,kimi-k3,5420,1716,7136
88_MinGPTNewGelu.py,kimi,kimi-k3,5315,1251,6566
88_MinGPTNewGelu.py,kimi,kimi-k3,5424,1064,6488
88_MinGPTNewGelu.py,kimi,kimi-k3,5900,2436,8336
88_MinGPTNewGelu.py,kimi,kimi-k3,5730,2692,8422
88_MinGPTNewGelu.py,kimi,kimi-k3,5730,1273,7003
88_MinGPTNewGelu.py,kimi,kimi-k3,5915,8555,14470
99_TripletMarginLoss.py,kimi,kimi-k3,6382,4777,11159
99_TripletMarginLoss.py,kimi,kimi-k3,5794,5593,11387
99_TripletMarginLoss.py,kimi,kimi-k3,6828,4715,11543
99_TripletMarginLoss.py,kimi,kimi-k3,6673,1606,8279
99_TripletMarginLoss.py,kimi,kimi-k3,6716,14327,21043
99_TripletMarginLoss.py,kimi,kimi-k3,6716,1131,7847
99_TripletMarginLoss.py,kimi,kimi-k3,6920,1883,8803
99_TripletMarginLoss.py,kimi,kimi-k3,7470,8421,15891
99_TripletMarginLoss.py,kimi,kimi-k3,7737,1841,9578
99_TripletMarginLoss.py,kimi,kimi-k3,7637,5141,12778
99_TripletMarginLoss.py,kimi,kimi-k3,8665,1482,10147
102_ScaledDotProductAttention.py,kimi,kimi-k3,6391,32000,38391
102_ScaledDotProductAttention.py,kimi,kimi-k3,5005,2099,7104
102_ScaledDotProductAttention.py,kimi,kimi-k3,2370,6347,8717
102_ScaledDotProductAttention.py,kimi,kimi-k3,5301,4491,9792
102_ScaledDotProductAttention.py,kimi,kimi-k3,5963,32000,37963
103_Conv2D_SquareKernel11.py,kimi,kimi-k3,6336,7141,13477
103_Conv2D_SquareKernel11.py,kimi,kimi-k3,8940,4827,13767
103_Conv2D_SquareKernel11.py,kimi,kimi-k3,7205,788,7993
103_Conv2D_SquareKernel11.py,kimi,kimi-k3,6859,2290,9149
103_Conv2D_SquareKernel11.py,kimi,kimi-k3,7265,3966,11231
103_Conv2D_SquareKernel11.py,kimi,kimi-k3,6761,12134,18895
103_Conv2D_SquareKernel11.py,kimi,kimi-k3,7187,3342,10529
103_Conv2D_SquareKernel11.py,kimi,kimi-k3,7187,6550,13737
103_Conv2D_SquareKernel11.py,kimi,kimi-k3,7885,7189,15074
103_Conv2D_SquareKernel11.py,kimi,kimi-k3,7693,4415,12108
103_Conv2D_SquareKernel11.py,kimi,kimi-k3,7693,1313,9006
103_Conv2D_SquareKernel11.py,kimi,kimi-k3,7709,12529,20238
103_Conv2D_SquareKernel11.py,kimi,kimi-k3,8125,3170,11295
103_Conv2D_SquareKernel11.py,kimi,kimi-k3,8129,15326,23455
103_Conv2D_SquareKernel11.py,kimi,kimi-k3,8615,12789,21404
103_Conv2D_SquareKernel11.py,kimi,kimi-k3,9788,2041,11829
103_Conv2D_SquareKernel11.py,kimi,kimi-k3,8050,350,8400
1_Square_matrix_multiplication_.py,kimi,kimi-k3,6387,2291,8678
1_Square_matrix_multiplication_.py,kimi,kimi-k3,5411,17124,22535
1_Square_matrix_multiplication_.py,kimi,kimi-k3,6099,15515,21614
1_Square_matrix_multiplication_.py,kimi,kimi-k3,6323,8135,14458
1_Square_matrix_multiplication_.py,kimi,kimi-k3,6675,4319,10994
1_Square_matrix_multiplication_.py,kimi,kimi-k3,6767,10755,17522
1_Square_matrix_multiplication_.py,kimi,kimi-k3,7137,17386,24523
1_Square_matrix_multiplication_.py,kimi,kimi-k3,7328,7806,15134
1_Square_matrix_multiplication_.py,kimi,kimi-k3,6949,7880,14829
1_Square_matrix_multiplication_.py,kimi,kimi-k3,7268,9160,16428
1_Square_matrix_multiplication_.py,kimi,kimi-k3,7323,10488,17811
4_Matrix_vector_multiplication_.py,kimi,kimi-k3,6393,16107,22500
4_Matrix_vector_multiplication_.py,kimi,kimi-k3,5778,8775,14553
4_Matrix_vector_multiplication_.py,kimi,kimi-k3,6174,10261,16435
4_Matrix_vector_multiplication_.py,kimi,kimi-k3,6353,9920,16273
4_Matrix_vector_multiplication_.py,kimi,kimi-k3,7187,7558,14745
4_Matrix_vector_multiplication_.py,kimi,kimi-k3,6696,5218,11914
4_Matrix_vector_multiplication_.py,kimi,kimi-k3,6715,6480,13195
4_Matrix_vector_multiplication_.py,kimi,kimi-k3,7622,5490,13112
4_Matrix_vector_multiplication_.py,kimi,kimi-k3,7696,7030,14726
4_Matrix_vector_multiplication_.py,kimi,kimi-k3,5843,5100,10943
4_Matrix_vector_multiplication_.py,kimi,kimi-k3,6093,13370,19463
9_Tall_skinny_matrix_multiplication_.py,kimi,kimi-k3,6435,32000,38435
9_Tall_skinny_matrix_multiplication_.py,kimi,kimi-k3,5049,1013,6062
9_Tall_skinny_matrix_multiplication_.py,kimi,kimi-k3,1869,3320,5189
9_Tall_skinny_matrix_multiplication_.py,kimi,kimi-k3,6946,845,7791
9_Tall_skinny_matrix_multiplication_.py,kimi,kimi-k3,4159,232,4391
9_Tall_skinny_matrix_multiplication_.py,kimi,kimi-k3,6946,787,7733
9_Tall_skinny_matrix_multiplication_.py,kimi,kimi-k3,4004,282,4286
9_Tall_skinny_matrix_multiplication_.py,kimi,kimi-k3,4699,4186,8885
9_Tall_skinny_matrix_multiplication_.py,kimi,kimi-k3,4870,5830,10700
9_Tall_skinny_matrix_multiplication_.py,kimi,kimi-k3,5524,1429,6953
9_Tall_skinny_matrix_multiplication_.py,kimi,kimi-k3,5526,6188,11714
9_Tall_skinny_matrix_multiplication_.py,kimi,kimi-k3,5668,7296,12964
9_Tall_skinny_matrix_multiplication_.py,kimi,kimi-k3,6007,5322,11329
9_Tall_skinny_matrix_multiplication_.py,kimi,kimi-k3,6121,7010,13131
9_Tall_skinny_matrix_multiplication_.py,kimi,kimi-k3,6425,4676,11101
9_Tall_skinny_matrix_multiplication_.py,kimi,kimi-k3,6613,8824,15437
9_Tall_skinny_matrix_multiplication_.py,kimi,kimi-k3,6715,7750,14465
21_Sigmoid.py,kimi,kimi-k3,6362,2869,9231
21_Sigmoid.py,kimi,kimi-k3,4428,4000,8428
21_Sigmoid.py,kimi,kimi-k3,5192,3123,8315
21_Sigmoid.py,kimi,kimi-k3,5542,1408,6950
21_Sigmoid.py,kimi,kimi-k3,5572,808,6380
21_Sigmoid.py,kimi,kimi-k3,5572,1478,7050
21_Sigmoid.py,kimi,kimi-k3,5572,2744,8316
21_Sigmoid.py,kimi,kimi-k3,5858,6307,12165
21_Sigmoid.py,kimi,kimi-k3,5858,987,6845
21_Sigmoid.py,kimi,kimi-k3,5858,1650,7508
21_Sigmoid.py,kimi,kimi-k3,5858,514,6372
22_Tanh.py,kimi,kimi-k3,6362,2520,8882
33_BatchNorm.py,kimi,kimi-k3,6416,8785,15201
33_BatchNorm.py,kimi,kimi-k3,7203,10281,17484
33_BatchNorm.py,kimi,kimi-k3,8311,1804,10115
33_BatchNorm.py,kimi,kimi-k3,8333,4853,13186
33_BatchNorm.py,kimi,kimi-k3,10549,1970,12519
33_BatchNorm.py,kimi,kimi-k3,9190,1571,10761
33_BatchNorm.py,kimi,kimi-k3,9959,1359,11318
33_BatchNorm.py,kimi,kimi-k3,8173,341,8514
33_BatchNorm.py,kimi,kimi-k3,8182,7511,15693
33_BatchNorm.py,kimi,kimi-k3,8268,9958,18226
33_BatchNorm.py,kimi,kimi-k3,9430,1839,11269
33_BatchNorm.py,kimi,kimi-k3,9430,1945,11375
33_BatchNorm.py,kimi,kimi-k3,9429,10359,19788
33_BatchNorm.py,kimi,kimi-k3,9689,10276,19965
33_BatchNorm.py,kimi,kimi-k3,9839,12311,22150
36_RMSNorm_.py,kimi,kimi-k3,6501,3868,10369
40_LayerNorm.py,kimi,kimi-k3,6421,7552,13973
40_LayerNorm.py,kimi,kimi-k3,5719,3365,9084
40_LayerNorm.py,kimi,kimi-k3,5895,6587,12482
40_LayerNorm.py,kimi,kimi-k3,6728,7898,14626
40_LayerNorm.py,kimi,kimi-k3,7065,8084,15149
40_LayerNorm.py,kimi,kimi-k3,7088,2362,9450
40_LayerNorm.py,kimi,kimi-k3,6947,5466,12413
40_LayerNorm.py,kimi,kimi-k3,7555,6300,13855
40_LayerNorm.py,kimi,kimi-k3,7743,2720,10463
40_LayerNorm.py,kimi,kimi-k3,7911,8675,16586
40_LayerNorm.py,kimi,kimi-k3,7904,18617,26521
49_Max_reduction_over_a_dimension.py,kimi,kimi-k3,6410,4145,10555
49_Max_reduction_over_a_dimension.py,kimi,kimi-k3,7133,870,8003
49_Max_reduction_over_a_dimension.py,kimi,kimi-k3,4383,266,4649
49_Max_reduction_over_a_dimension.py,kimi,kimi-k3,4994,3961,8955
49_Max_reduction_over_a_dimension.py,kimi,kimi-k3,5004,6160,11164
49_Max_reduction_over_a_dimension.py,kimi,kimi-k3,7621,1846,9467
49_Max_reduction_over_a_dimension.py,kimi,kimi-k3,5086,337,5423
49_Max_reduction_over_a_dimension.py,kimi,kimi-k3,5331,5666,10997
49_Max_reduction_over_a_dimension.py,kimi,kimi-k3,5487,19315,24802
49_Max_reduction_over_a_dimension.py,kimi,kimi-k3,5498,3823,9321
49_Max_reduction_over_a_dimension.py,kimi,kimi-k3,4695,3859,8554
49_Max_reduction_over_a_dimension.py,kimi,kimi-k3,5298,15088,20386
49_Max_reduction_over_a_dimension.py,kimi,kimi-k3,6543,9970,16513
49_Max_reduction_over_a_dimension.py,kimi,kimi-k3,7697,3094,10791
49_Max_reduction_over_a_dimension.py,kimi,kimi-k3,7708,4109,11817
53_Min_reduction_over_a_dimension.py,kimi,kimi-k3,6410,4200,10610
53_Min_reduction_over_a_dimension.py,kimi,kimi-k3,5162,29385,34547
53_Min_reduction_over_a_dimension.py,kimi,kimi-k3,5838,19172,25010
53_Min_reduction_over_a_dimension.py,kimi,kimi-k3,6801,4712,11513
53_Min_reduction_over_a_dimension.py,kimi,kimi-k3,5191,11787,16978
53_Min_reduction_over_a_dimension.py,kimi,kimi-k3,6171,11322,17493
53_Min_reduction_over_a_dimension.py,kimi,kimi-k3,6454,3191,9645
53_Min_reduction_over_a_dimension.py,kimi,kimi-k3,6804,4616,11420
53_Min_reduction_over_a_dimension.py,kimi,kimi-k3,6804,11227,18031
53_Min_reduction_over_a_dimension.py,kimi,kimi-k3,7232,24850,32082
53_Min_reduction_over_a_dimension.py,kimi,kimi-k3,7797,5048,12845
53_Min_reduction_over_a_dimension.py,kimi,kimi-k3,8120,1738,9858
54_conv_standard_3D__square_input__square_kernel.py,kimi,kimi-k3,6671,6314,12985
54_conv_standard_3D__square_input__square_kernel.py,kimi,kimi-k3,8044,26039,34083
55_conv_standard_2D__asymmetric_input__square_kernel.py,kimi,kimi-k3,6679,10061,16740
55_conv_standard_2D__asymmetric_input__square_kernel.py,kimi,kimi-k3,8460,7100,15560
55_conv_standard_2D__asymmetric_input__square_kernel.py,kimi,kimi-k3,8712,8567,17279
55_conv_standard_2D__asymmetric_input__square_kernel.py,kimi,kimi-k3,8790,18290,27080
55_conv_standard_2D__asymmetric_input__square_kernel.py,kimi,kimi-k3,9199,32000,41199
58_conv_transposed_3D__asymmetric_input__asymmetric_kernel.py,kimi,kimi-k3,6779,9391,16170
58_conv_transposed_3D__asymmetric_input__asymmetric_kernel.py,kimi,kimi-k3,8766,6513,15279
58_conv_transposed_3D__asymmetric_input__asymmetric_kernel.py,kimi,kimi-k3,8799,2551,11350
58_conv_transposed_3D__asymmetric_input__asymmetric_kernel.py,kimi,kimi-k3,8778,4711,13489
58_conv_transposed_3D__asymmetric_input__asymmetric_kernel.py,kimi,kimi-k3,8778,10711,19489
58_conv_transposed_3D__asymmetric_input__asymmetric_kernel.py,kimi,kimi-k3,8925,12256,21181
58_conv_transposed_3D__asymmetric_input__asymmetric_kernel.py,kimi,kimi-k3,9405,6114,15519
58_conv_transposed_3D__asymmetric_input__asymmetric_kernel.py,kimi,kimi-k3,9405,2403,11808
58_conv_transposed_3D__asymmetric_input__asymmetric_kernel.py,kimi,kimi-k3,9808,4255,14063
58_conv_transposed_3D__asymmetric_input__asymmetric_kernel.py,kimi,kimi-k3,8498,663,9161
58_conv_transposed_3D__asymmetric_input__asymmetric_kernel.py,kimi,kimi-k3,9543,14922,24465
58_conv_transposed_3D__asymmetric_input__asymmetric_kernel.py,kimi,kimi-k3,9858,9718,19576
58_conv_transposed_3D__asymmetric_input__asymmetric_kernel.py,kimi,kimi-k3,9987,6089,16076
58_conv_transposed_3D__asymmetric_input__asymmetric_kernel.py,kimi,kimi-k3,10045,14100,24145
59_conv_standard_3D__asymmetric_input__square_kernel.py,kimi,kimi-k3,6679,20499,27178
59_conv_standard_3D__asymmetric_input__square_kernel.py,kimi,kimi-k3,9521,9564,19085
59_conv_standard_3D__asymmetric_input__square_kernel.py,kimi,kimi-k3,7980,356,8336
59_conv_standard_3D__asymmetric_input__square_kernel.py,kimi,kimi-k3,8909,4440,13349
59_conv_standard_3D__asymmetric_input__square_kernel.py,kimi,kimi-k3,8907,17996,26903
59_conv_standard_3D__asymmetric_input__square_kernel.py,kimi,kimi-k3,9322,7976,17298
59_conv_standard_3D__asymmetric_input__square_kernel.py,kimi,kimi-k3,9322,5123,14445
59_conv_standard_3D__asymmetric_input__square_kernel.py,kimi,kimi-k3,9589,4614,14203
59_conv_standard_3D__asymmetric_input__square_kernel.py,kimi,kimi-k3,10275,2189,12464
59_conv_standard_3D__asymmetric_input__square_kernel.py,kimi,kimi-k3,10301,15663,25964
59_conv_standard_3D__asymmetric_input__square_kernel.py,kimi,kimi-k3,11108,13905,25013
59_conv_standard_3D__asymmetric_input__square_kernel.py,kimi,kimi-k3,15348,13345,28693
59_conv_standard_3D__asymmetric_input__square_kernel.py,kimi,kimi-k3,15726,29093,44819
80_conv_standard_2D_square_input_asymmetric_kernel___dilated____padded__.py,kimi,kimi-k3,6667,20818,27485
80_conv_standard_2D_square_input_asymmetric_kernel___dilated____padded__.py,kimi,kimi-k3,8983,16309,25292
80_conv_standard_2D_square_input_asymmetric_kernel___dilated____padded__.py,kimi,kimi-k3,9091,32000,41091
83_conv_depthwise_2D_square_input_asymmetric_kernel.py,kimi,kimi-k3,6611,26746,33357
83_conv_depthwise_2D_square_input_asymmetric_kernel.py,kimi,kimi-k3,8646,1922,10568
83_conv_depthwise_2D_square_input_asymmetric_kernel.py,kimi,kimi-k3,8645,4061,12706
83_conv_depthwise_2D_square_input_asymmetric_kernel.py,kimi,kimi-k3,9032,23001,32033
83_conv_depthwise_2D_square_input_asymmetric_kernel.py,kimi,kimi-k3,11190,1126,12316
83_conv_depthwise_2D_square_input_asymmetric_kernel.py,kimi,kimi-k3,9662,545,10207
83_conv_depthwise_2D_square_input_asymmetric_kernel.py,kimi,kimi-k3,9613,7280,16893
83_conv_depthwise_2D_square_input_asymmetric_kernel.py,kimi,kimi-k3,10134,6606,16740
83_conv_depthwise_2D_square_input_asymmetric_kernel.py,kimi,kimi-k3,10277,1964,12241
83_conv_depthwise_2D_square_input_asymmetric_kernel.py,kimi,kimi-k3,10278,2781,13059
83_conv_depthwise_2D_square_input_asymmetric_kernel.py,kimi,kimi-k3,10278,6100,16378
83_conv_depthwise_2D_square_input_asymmetric_kernel.py,kimi,kimi-k3,10278,3787,14065
83_conv_depthwise_2D_square_input_asymmetric_kernel.py,kimi,kimi-k3,10278,9843,20121
88_MinGPTNewGelu.py,kimi,kimi-k3,6393,3148,9541
88_MinGPTNewGelu.py,kimi,kimi-k3,4829,787,5616
88_MinGPTNewGelu.py,kimi,kimi-k3,4915,4188,9103
88_MinGPTNewGelu.py,kimi,kimi-k3,4976,1972,6948
88_MinGPTNewGelu.py,kimi,kimi-k3,4989,704,5693
88_MinGPTNewGelu.py,kimi,kimi-k3,4989,3129,8118
88_MinGPTNewGelu.py,kimi,kimi-k3,4999,1774,6773
88_MinGPTNewGelu.py,kimi,kimi-k3,4999,2283,7282
88_MinGPTNewGelu.py,kimi,kimi-k3,4911,2280,7191
88_MinGPTNewGelu.py,kimi,kimi-k3,4896,2997,7893
88_MinGPTNewGelu.py,kimi,kimi-k3,4888,2107,6995
99_TripletMarginLoss.py,kimi,kimi-k3,6382,5209,11591
99_TripletMarginLoss.py,kimi,kimi-k3,5197,1854,7051
99_TripletMarginLoss.py,kimi,kimi-k3,5586,2073,7659
99_TripletMarginLoss.py,kimi,kimi-k3,5768,3321,9089
99_TripletMarginLoss.py,kimi,kimi-k3,5867,6508,12375
99_TripletMarginLoss.py,kimi,kimi-k3,5846,13238,19084
99_TripletMarginLoss.py,kimi,kimi-k3,5963,3201,9164
99_TripletMarginLoss.py,kimi,kimi-k3,5963,6679,12642
99_TripletMarginLoss.py,kimi,kimi-k3,5814,4460,10274
99_TripletMarginLoss.py,kimi,kimi-k3,5938,8668,14606
99_TripletMarginLoss.py,kimi,kimi-k3,8052,3907,11959
99_TripletMarginLoss.py,kimi,kimi-k3,8129,4428,12557
102_ScaledDotProductAttention.py,kimi,kimi-k3,6391,17235,23626
103_Conv2D_SquareKernel11.py,kimi,kimi-k3,6336,6617,12953
103_Conv2D_SquareKernel11.py,kimi,kimi-k3,7043,7633,14676
103_Conv2D_SquareKernel11.py,kimi,kimi-k3,7242,12245,19487
103_Conv2D_SquareKernel11.py,kimi,kimi-k3,7528,10111,17639
103_Conv2D_SquareKernel11.py,kimi,kimi-k3,7949,29428,37377
103_Conv2D_SquareKernel11.py,kimi,kimi-k3,8040,10564,18604
103_Conv2D_SquareKernel11.py,kimi,kimi-k3,8425,12407,20832
103_Conv2D_SquareKernel11.py,kimi,kimi-k3,11103,994,12097
103_Conv2D_SquareKernel11.py,kimi,kimi-k3,9348,2762,12110
103_Conv2D_SquareKernel11.py,kimi,kimi-k3,9471,12381,21852
103_Conv2D_SquareKernel11.py,kimi,kimi-k3,9471,4048,13519
103_Conv2D_SquareKernel11.py,kimi,kimi-k3,10115,2575,12690
103_Conv2D_SquareKernel11.py,kimi,kimi-k3,8628,637,9265
103_Conv2D_SquareKernel11.py,kimi,kimi-k3,9611,4992,14603
103_Conv2D_SquareKernel11.py,kimi,kimi-k3,9677,4694,14371
103_Conv2D_SquareKernel11.py,kimi,kimi-k3,9654,25345,34999
1_Square_matrix_multiplication_.py,kimi,kimi-k3,6387,9638,16025
1_Square_matrix_multiplication_.py,kimi,kimi-k3,5681,6017,11698
1_Square_matrix_multiplication_.py,kimi,kimi-k3,6380,15536,21916
1_Square_matrix_multiplication_.py,kimi,kimi-k3,6465,16599,23064
1_Square_matrix_multiplication_.py,kimi,kimi-k3,9085,2044,11129
1_Square_matrix_multiplication_.py,kimi,kimi-k3,6891,433,7324
1_Square_matrix_multiplication_.py,kimi,kimi-k3,6717,11107,17824
1_Square_matrix_multiplication_.py,kimi,kimi-k3,6717,7976,14693
1_Square_matrix_multiplication_.py,kimi,kimi-k3,7192,20941,28133
1_Square_matrix_multiplication_.py,kimi,kimi-k3,7441,6321,13762
1_Square_matrix_multiplication_.py,kimi,kimi-k3,7853,9413,17266
1_Square_matrix_multiplication_.py,kimi,kimi-k3,7853,16364,24217
1_Square_matrix_multiplication_.py,kimi,kimi-k3,7922,12977,20899
1_Square_matrix_multiplication_.py,kimi,kimi-k3,6173,6652,12825
1_Square_matrix_multiplication_.py,kimi,kimi-k3,7670,5915,13585
1_Square_matrix_multiplication_.py,kimi,kimi-k3,7719,27740,35459
1_Square_matrix_multiplication_.py,kimi,kimi-k3,7907,13573,21480
4_Matrix_vector_multiplication_.py,kimi,kimi-k3,6393,7095,13488
4_Matrix_vector_multiplication_.py,kimi,kimi-k3,5157,5581,10738
4_Matrix_vector_multiplication_.py,kimi,kimi-k3,7566,3315,10881
4_Matrix_vector_multiplication_.py,kimi,kimi-k3,6303,2257,8560
4_Matrix_vector_multiplication_.py,kimi,kimi-k3,7639,1306,8945
4_Matrix_vector_multiplication_.py,kimi,kimi-k3,5143,498,5641
4_Matrix_vector_multiplication_.py,kimi,kimi-k3,5389,8992,14381
4_Matrix_vector_multiplication_.py,kimi,kimi-k3,5530,15760,21290
4_Matrix_vector_multiplication_.py,kimi,kimi-k3,8871,1674,10545
4_Matrix_vector_multiplication_.py,kimi,kimi-k3,7068,1222,8290
4_Matrix_vector_multiplication_.py,kimi,kimi-k3,6707,16796,23503
4_Matrix_vector_multiplication_.py,kimi,kimi-k3,6006,8042,14048
4_Matrix_vector_multiplication_.py,kimi,kimi-k3,6114,5260,11374
4_Matrix_vector_multiplication_.py,kimi,kimi-k3,6114,9757,15871
4_Matrix_vector_multiplication_.py,kimi,kimi-k3,7275,17246,24521
4_Matrix_vector_multiplication_.py,kimi,kimi-k3,7615,2251,9866
4_Matrix_vector_multiplication_.py,kimi,kimi-k3,7615,3840,11455
4_Matrix_vector_multiplication_.py,kimi,kimi-k3,7843,1886,9729
4_Matrix_vector_multiplication_.py,kimi,kimi-k3,7669,12782,20451
9_Tall_skinny_matrix_multiplication_.py,kimi,kimi-k3,6435,11695,18130
9_Tall_skinny_matrix_multiplication_.py,kimi,kimi-k3,5463,10215,15678
9_Tall_skinny_matrix_multiplication_.py,kimi,kimi-k3,5219,2503,7722
9_Tall_skinny_matrix_multiplication_.py,kimi,kimi-k3,5222,29722,34944
9_Tall_skinny_matrix_multiplication_.py,kimi,kimi-k3,6666,6543,13209
9_Tall_skinny_matrix_multiplication_.py,kimi,kimi-k3,7787,6579,14366
9_Tall_skinny_matrix_multiplication_.py,kimi,kimi-k3,11084,1419,12503
9_Tall_skinny_matrix_multiplication_.py,kimi,kimi-k3,9547,446,9993
9_Tall_skinny_matrix_multiplication_.py,kimi,kimi-k3,9187,4835,14022
9_Tall_skinny_matrix_multiplication_.py,kimi,kimi-k3,9568,12593,22161
9_Tall_skinny_matrix_multiplication_.py,kimi,kimi-k3,9410,15180,24590
9_Tall_skinny_matrix_multiplication_.py,kimi,kimi-k3,9582,14105,23687
9_Tall_skinny_matrix_multiplication_.py,kimi,kimi-k3,9611,12740,22351
102_ScaledDotProductAttention.py,kimi,kimi-k3,6391,32000,38391
102_ScaledDotProductAttention.py,kimi,kimi-k3,5005,2262,7267
102_ScaledDotProductAttention.py,kimi,kimi-k3,1930,4583,6513
102_ScaledDotProductAttention.py,kimi,kimi-k3,5070,5263,10333
102_ScaledDotProductAttention.py,kimi,kimi-k3,5575,5953,11528
102_ScaledDotProductAttention.py,kimi,kimi-k3,7006,4417,11423
102_ScaledDotProductAttention.py,kimi,kimi-k3,4450,1205,5655
102_ScaledDotProductAttention.py,kimi,kimi-k3,5851,4348,10199
102_ScaledDotProductAttention.py,kimi,kimi-k3,7195,12347,19542
102_ScaledDotProductAttention.py,kimi,kimi-k3,5453,5620,11073
102_ScaledDotProductAttention.py,kimi,kimi-k3,5986,11248,17234
102_ScaledDotProductAttention.py,kimi,kimi-k3,8660,8855,17515
102_ScaledDotProductAttention.py,kimi,kimi-k3,10259,1083,11342
102_ScaledDotProductAttention.py,kimi,kimi-k3,9775,4643,14418
102_ScaledDotProductAttention.py,kimi,kimi-k3,7922,1270,9192
102_ScaledDotProductAttention.py,kimi,kimi-k3,7508,5459,12967
102_ScaledDotProductAttention.py,kimi,kimi-k3,7756,7391,15147
102_ScaledDotProductAttention.py,kimi,kimi-k3,8992,11528,20520
102_ScaledDotProductAttention.py,kimi,kimi-k3,10504,1769,12273
102_ScaledDotProductAttention.py,kimi,kimi-k3,8252,4154,12406
102_ScaledDotProductAttention.py,kimi,kimi-k3,9045,10072,19117
102_ScaledDotProductAttention.py,kimi,kimi-k3,7296,811,8107
102_ScaledDotProductAttention.py,kimi,kimi-k3,8413,13814,22227
102_ScaledDotProductAttention.py,kimi,kimi-k3,8422,4924,13346
102_ScaledDotProductAttention.py,kimi,kimi-k3,8586,5997,14583
102_ScaledDotProductAttention.py,kimi,kimi-k3,9596,1577,11173
102_ScaledDotProductAttention.py,kimi,kimi-k3,7482,217,7699
21_Sigmoid.py,kimi,kimi-k3,6362,2962,9324
21_Sigmoid.py,kimi,kimi-k3,4744,373,5117
21_Sigmoid.py,kimi,kimi-k3,4792,2223,7015
21_Sigmoid.py,kimi,kimi-k3,5598,1546,7144
21_Sigmoid.py,kimi,kimi-k3,5598,3981,9579
21_Sigmoid.py,kimi,kimi-k3,8226,7671,15897
21_Sigmoid.py,kimi,kimi-k3,6452,2604,9056
21_Sigmoid.py,kimi,kimi-k3,5646,585,6231
21_Sigmoid.py,kimi,kimi-k3,5652,753,6405
21_Sigmoid.py,kimi,kimi-k3,5652,492,6144
21_Sigmoid.py,kimi,kimi-k3,5753,1552,7305
21_Sigmoid.py,kimi,kimi-k3,5855,3321,9176
21_Sigmoid.py,kimi,kimi-k3,6232,3171,9403
22_Tanh.py,kimi,kimi-k3,6362,2450,8812
22_Tanh.py,kimi,kimi-k3,4499,1169,5668
22_Tanh.py,kimi,kimi-k3,4656,1025,5681
22_Tanh.py,kimi,kimi-k3,5057,738,5795
22_Tanh.py,kimi,kimi-k3,5058,2627,7685
22_Tanh.py,kimi,kimi-k3,5058,2088,7146
22_Tanh.py,kimi,kimi-k3,5067,593,5660
22_Tanh.py,kimi,kimi-k3,5067,3000,8067
22_Tanh.py,kimi,kimi-k3,5210,604,5814
22_Tanh.py,kimi,kimi-k3,5210,2039,7249
22_Tanh.py,kimi,kimi-k3,5274,752,6026
88_MinGPTNewGelu.py,kimi,kimi-k3,6393,9413,15806
88_MinGPTNewGelu.py,kimi,kimi-k3,5230,5250,10480
88_MinGPTNewGelu.py,kimi,kimi-k3,5290,986,6276
88_MinGPTNewGelu.py,kimi,kimi-k3,5692,1058,6750
88_MinGPTNewGelu.py,kimi,kimi-k3,5692,357,6049
88_MinGPTNewGelu.py,kimi,kimi-k3,5692,2277,7969
88_MinGPTNewGelu.py,kimi,kimi-k3,5791,1699,7490
88_MinGPTNewGelu.py,kimi,kimi-k3,5797,2468,8265
88_MinGPTNewGelu.py,kimi,kimi-k3,5797,1706,7503
88_MinGPTNewGelu.py,kimi,kimi-k3,6219,8617,14836
88_MinGPTNewGelu.py,kimi,kimi-k3,6039,684,6723
88_MinGPTNewGelu.py,kimi,kimi-k3,8347,4776,13123
88_MinGPTNewGelu.py,kimi,kimi-k3,6397,770,7167
54_conv_standard_3D__square_input__square_kernel.py,kimi,kimi-k3,6671,8439,15110
55_conv_standard_2D__asymmetric_input__square_kernel.py,kimi,kimi-k3,6679,5803,12482
55_conv_standard_2D__asymmetric_input__square_kernel.py,kimi,kimi-k3,7529,7109,14638
55_conv_standard_2D__asymmetric_input__square_kernel.py,kimi,kimi-k3,7228,5532,12760
55_conv_standard_2D__asymmetric_input__square_kernel.py,kimi,kimi-k3,7231,4698,11929
55_conv_standard_2D__asymmetric_input__square_kernel.py,kimi,kimi-k3,8262,6207,14469
55_conv_standard_2D__asymmetric_input__square_kernel.py,kimi,kimi-k3,8262,11641,19903
55_conv_standard_2D__asymmetric_input__square_kernel.py,kimi,kimi-k3,8368,3401,11769
55_conv_standard_2D__asymmetric_input__square_kernel.py,kimi,kimi-k3,8910,3518,12428
55_conv_standard_2D__asymmetric_input__square_kernel.py,kimi,kimi-k3,8883,6486,15369
55_conv_standard_2D__asymmetric_input__square_kernel.py,kimi,kimi-k3,8037,5844,13881
55_conv_standard_2D__asymmetric_input__square_kernel.py,kimi,kimi-k3,8062,6476,14538
58_conv_transposed_3D__asymmetric_input__asymmetric_kernel.py,kimi,kimi-k3,6779,8936,15715
58_conv_transposed_3D__asymmetric_input__asymmetric_kernel.py,kimi,kimi-k3,8580,18655,27235
58_conv_transposed_3D__asymmetric_input__asymmetric_kernel.py,kimi,kimi-k3,9058,10885,19943
58_conv_transposed_3D__asymmetric_input__asymmetric_kernel.py,kimi,kimi-k3,10541,6619,17160
58_conv_transposed_3D__asymmetric_input__asymmetric_kernel.py,kimi,kimi-k3,8233,495,8728
58_conv_transposed_3D__asymmetric_input__asymmetric_kernel.py,kimi,kimi-k3,8381,6770,15151
58_conv_transposed_3D__asymmetric_input__asymmetric_kernel.py,kimi,kimi-k3,8415,7933,16348
58_conv_transposed_3D__asymmetric_input__asymmetric_kernel.py,kimi,kimi-k3,8449,9380,17829
58_conv_transposed_3D__asymmetric_input__asymmetric_kernel.py,kimi,kimi-k3,9019,5905,14924
58_conv_transposed_3D__asymmetric_input__asymmetric_kernel.py,kimi,kimi-k3,11335,1036,12371
58_conv_transposed_3D__asymmetric_input__asymmetric_kernel.py,kimi,kimi-k3,9036,203,9239
58_conv_transposed_3D__asymmetric_input__asymmetric_kernel.py,kimi,kimi-k3,9669,2499,12168
58_conv_transposed_3D__asymmetric_input__asymmetric_kernel.py,kimi,kimi-k3,9653,19295,28948
58_conv_transposed_3D__asymmetric_input__asymmetric_kernel.py,kimi,kimi-k3,12360,3610,15970
58_conv_transposed_3D__asymmetric_input__asymmetric_kernel.py,kimi,kimi-k3,10385,541,10926
58_conv_transposed_3D__asymmetric_input__asymmetric_kernel.py,kimi,kimi-k3,10514,2399,12913
58_conv_transposed_3D__asymmetric_input__asymmetric_kernel.py,kimi,kimi-k3,10497,2968,13465
59_conv_standard_3D__asymmetric_input__square_kernel.py,kimi,kimi-k3,6679,12052,18731
59_conv_standard_3D__asymmetric_input__square_kernel.py,kimi,kimi-k3,8215,12607,20822
59_conv_standard_3D__asymmetric_input__square_kernel.py,kimi,kimi-k3,10869,2042,12911
59_conv_standard_3D__asymmetric_input__square_kernel.py,kimi,kimi-k3,9155,847,10002
59_conv_standard_3D__asymmetric_input__square_kernel.py,kimi,kimi-k3,10869,5764,16633
59_conv_standard_3D__asymmetric_input__square_kernel.py,kimi,kimi-k3,9369,364,9733
59_conv_standard_3D__asymmetric_input__square_kernel.py,kimi,kimi-k3,10869,1774,12643
59_conv_standard_3D__asymmetric_input__square_kernel.py,kimi,kimi-k3,9117,424,9541
59_conv_standard_3D__asymmetric_input__square_kernel.py,kimi,kimi-k3,8508,10184,18692
59_conv_standard_3D__asymmetric_input__square_kernel.py,kimi,kimi-k3,8508,21580,30088
59_conv_standard_3D__asymmetric_input__square_kernel.py,kimi,kimi-k3,11286,5051,16337
59_conv_standard_3D__asymmetric_input__square_kernel.py,kimi,kimi-k3,11643,4741,16384
59_conv_standard_3D__asymmetric_input__square_kernel.py,kimi,kimi-k3,11643,7754,19397
59_conv_standard_3D__asymmetric_input__square_kernel.py,kimi,kimi-k3,13643,2105,15748
59_conv_standard_3D__asymmetric_input__square_kernel.py,kimi,kimi-k3,12809,666,13475
59_conv_standard_3D__asymmetric_input__square_kernel.py,kimi,kimi-k3,12745,5247,17992
59_conv_standard_3D__asymmetric_input__square_kernel.py,kimi,kimi-k3,13587,12626,26213
59_conv_standard_3D__asymmetric_input__square_kernel.py,kimi,kimi-k3,14619,13398,28017
59_conv_standard_3D__asymmetric_input__square_kernel.py,kimi,kimi-k3,15076,10300,25376
59_conv_standard_3D__asymmetric_input__square_kernel.py,kimi,kimi-k3,15120,5742,20862
80_conv_standard_2D_square_input_asymmetric_kernel___dilated____padded__.py,kimi,kimi-k3,6667,7785,14452
80_conv_standard_2D_square_input_asymmetric_kernel___dilated____padded__.py,kimi,kimi-k3,7919,11912,19831
80_conv_standard_2D_square_input_asymmetric_kernel___dilated____padded__.py,kimi,kimi-k3,8401,5884,14285
80_conv_standard_2D_square_input_asymmetric_kernel___dilated____padded__.py,kimi,kimi-k3,8401,16845,25246
80_conv_standard_2D_square_input_asymmetric_kernel___dilated____padded__.py,kimi,kimi-k3,8464,17963,26427
80_conv_standard_2D_square_input_asymmetric_kernel___dilated____padded__.py,kimi,kimi-k3,8763,2575,11338
80_conv_standard_2D_square_input_asymmetric_kernel___dilated____padded__.py,kimi,kimi-k3,8838,5900,14738
80_conv_standard_2D_square_input_asymmetric_kernel___dilated____padded__.py,kimi,kimi-k3,9330,6151,15481
103_Conv2D_SquareKernel11.py,kimi,kimi-k3,6336,8408,14744
103_Conv2D_SquareKernel11.py,kimi,kimi-k3,7085,18717,25802
1_Square_matrix_multiplication_.py,kimi,kimi-k3,758,6029,6787
1_Square_matrix_multiplication_.py,kimi,kimi-k3,5790,7244,13034
1_Square_matrix_multiplication_.py,kimi,kimi-k3,6211,13416,19627
1_Square_matrix_multiplication_.py,kimi,kimi-k3,6589,3080,9669
1_Square_matrix_multiplication_.py,kimi,kimi-k3,6606,16364,22970
1_Square_matrix_multiplication_.py,kimi,kimi-k3,6883,17780,24663
1_Square_matrix_multiplication_.py,kimi,kimi-k3,7487,6377,13864
1_Square_matrix_multiplication_.py,kimi,kimi-k3,8111,3842,11953
1_Square_matrix_multiplication_.py,kimi,kimi-k3,8032,28004,36036
1_Square_matrix_multiplication_.py,kimi,kimi-k3,8542,19180,27722
1_Square_matrix_multiplication_.py,kimi,kimi-k3,8599,9932,18531
1_Square_matrix_multiplication_.py,kimi,kimi-k3,9489,1929,11418
1_Square_matrix_multiplication_.py,kimi,kimi-k3,8294,983,9277
4_Matrix_vector_multiplication_.py,kimi,kimi-k3,764,5479,6243
4_Matrix_vector_multiplication_.py,kimi,kimi-k3,4788,4754,9542
4_Matrix_vector_multiplication_.py,kimi,kimi-k3,5416,6532,11948
4_Matrix_vector_multiplication_.py,kimi,kimi-k3,6147,3546,9693
4_Matrix_vector_multiplication_.py,kimi,kimi-k3,6576,5215,11791
4_Matrix_vector_multiplication_.py,kimi,kimi-k3,6497,4406,10903
4_Matrix_vector_multiplication_.py,kimi,kimi-k3,6785,7328,14113
4_Matrix_vector_multiplication_.py,kimi,kimi-k3,7081,13326,20407
4_Matrix_vector_multiplication_.py,kimi,kimi-k3,7444,9432,16876
4_Matrix_vector_multiplication_.py,kimi,kimi-k3,7642,5282,12924
4_Matrix_vector_multiplication_.py,kimi,kimi-k3,7498,3122,10620
9_Tall_skinny_matrix_multiplication_.py,kimi,kimi-k3,806,3574,4380
9_Tall_skinny_matrix_multiplication_.py,kimi,kimi-k3,5332,4144,9476
9_Tall_skinny_matrix_multiplication_.py,kimi,kimi-k3,5916,6510,12426
9_Tall_skinny_matrix_multiplication_.py,kimi,kimi-k3,5922,2842,8764
9_Tall_skinny_matrix_multiplication_.py,kimi,kimi-k3,5974,4185,10159
9_Tall_skinny_matrix_multiplication_.py,kimi,kimi-k3,6011,3542,9553
9_Tall_skinny_matrix_multiplication_.py,kimi,kimi-k3,6022,4261,10283
9_Tall_skinny_matrix_multiplication_.py,kimi,kimi-k3,6556,1597,8153
9_Tall_skinny_matrix_multiplication_.py,kimi,kimi-k3,6410,3193,9603
9_Tall_skinny_matrix_multiplication_.py,kimi,kimi-k3,5460,962,6422
9_Tall_skinny_matrix_multiplication_.py,kimi,kimi-k3,6729,6451,13180
9_Tall_skinny_matrix_multiplication_.py,kimi,kimi-k3,6548,12767,19315
9_Tall_skinny_matrix_multiplication_.py,kimi,kimi-k3,6519,7901,14420
102_ScaledDotProductAttention.py,kimi,kimi-k3,762,16663,17425
102_ScaledDotProductAttention.py,kimi,kimi-k3,6601,11225,17826
102_ScaledDotProductAttention.py,kimi,kimi-k3,6370,5443,11813
102_ScaledDotProductAttention.py,kimi,kimi-k3,6787,13362,20149
102_ScaledDotProductAttention.py,kimi,kimi-k3,6253,8200,14453
102_ScaledDotProductAttention.py,kimi,kimi-k3,7131,6226,13357
102_ScaledDotProductAttention.py,kimi,kimi-k3,6341,553,6894
102_ScaledDotProductAttention.py,kimi,kimi-k3,6876,10980,17856
102_ScaledDotProductAttention.py,kimi,kimi-k3,7623,9175,16798
102_ScaledDotProductAttention.py,kimi,kimi-k3,7095,453,7548
102_ScaledDotProductAttention.py,kimi,kimi-k3,7503,17537,25040
102_ScaledDotProductAttention.py,kimi,kimi-k3,7768,5776,13544
102_ScaledDotProductAttention.py,kimi,kimi-k3,8059,5332,13391
102_ScaledDotProductAttention.py,kimi,kimi-k3,8831,4244,13075
102_ScaledDotProductAttention.py,kimi,kimi-k3,9046,25800,34846
102_ScaledDotProductAttention.py,kimi,kimi-k3,9427,5631,15058
102_ScaledDotProductAttention.py,kimi,kimi-k3,9537,3040,12577
21_Sigmoid.py,kimi,kimi-k3,733,920,1653
21_Sigmoid.py,kimi,kimi-k3,4216,1318,5534
21_Sigmoid.py,kimi,kimi-k3,4221,1072,5293
21_Sigmoid.py,kimi,kimi-k3,4627,1250,5877
21_Sigmoid.py,kimi,kimi-k3,4636,2935,7571
21_Sigmoid.py,kimi,kimi-k3,4844,4329,9173
21_Sigmoid.py,kimi,kimi-k3,5182,2999,8181
21_Sigmoid.py,kimi,kimi-k3,5092,3901,8993
21_Sigmoid.py,kimi,kimi-k3,4894,1093,5987
21_Sigmoid.py,kimi,kimi-k3,4936,6213,11149
21_Sigmoid.py,kimi,kimi-k3,4722,2550,7272
22_Tanh.py,kimi,kimi-k3,733,1408,2141
22_Tanh.py,kimi,kimi-k3,5762,1165,6927
22_Tanh.py,kimi,kimi-k3,3893,227,4120
22_Tanh.py,kimi,kimi-k3,4262,3976,8238
22_Tanh.py,kimi,kimi-k3,4899,2249,7148
22_Tanh.py,kimi,kimi-k3,2980,979,3959
22_Tanh.py,kimi,kimi-k3,4503,1812,6315
22_Tanh.py,kimi,kimi-k3,5061,2642,7703
22_Tanh.py,kimi,kimi-k3,5068,811,5879
22_Tanh.py,kimi,kimi-k3,5068,1134,6202
22_Tanh.py,kimi,kimi-k3,5068,1455,6523
22_Tanh.py,kimi,kimi-k3,5068,3048,8116
22_Tanh.py,kimi,kimi-k3,5335,748,6083
22_Tanh.py,kimi,kimi-k3,5335,1220,6555
22_Tanh.py,kimi,kimi-k3,5327,1552,6879
88_MinGPTNewGelu.py,kimi,kimi-k3,764,1901,2665
88_MinGPTNewGelu.py,kimi,kimi-k3,4078,3193,7271
88_MinGPTNewGelu.py,kimi,kimi-k3,4467,1364,5831
88_MinGPTNewGelu.py,kimi,kimi-k3,4926,2987,7913
88_MinGPTNewGelu.py,kimi,kimi-k3,4951,3185,8136
88_MinGPTNewGelu.py,kimi,kimi-k3,5140,2125,7265
88_MinGPTNewGelu.py,kimi,kimi-k3,5163,938,6101
88_MinGPTNewGelu.py,kimi,kimi-k3,5169,753,5922
88_MinGPTNewGelu.py,kimi,kimi-k3,5169,762,5931
88_MinGPTNewGelu.py,kimi,kimi-k3,5169,1100,6269
88_MinGPTNewGelu.py,kimi,kimi-k3,5457,1567,7024
54_conv_standard_3D__square_input__square_kernel.py,kimi,kimi-k3,1042,11665,12707
54_conv_standard_3D__square_input__square_kernel.py,kimi,kimi-k3,8625,4534,13159
54_conv_standard_3D__square_input__square_kernel.py,kimi,kimi-k3,8749,7596,16345
54_conv_standard_3D__square_input__square_kernel.py,kimi,kimi-k3,10358,3393,13751
54_conv_standard_3D__square_input__square_kernel.py,kimi,kimi-k3,10358,8347,18705
54_conv_standard_3D__square_input__square_kernel.py,kimi,kimi-k3,10601,1271,11872
54_conv_standard_3D__square_input__square_kernel.py,kimi,kimi-k3,10640,7543,18183
54_conv_standard_3D__square_input__square_kernel.py,kimi,kimi-k3,11517,4704,16221
54_conv_standard_3D__square_input__square_kernel.py,kimi,kimi-k3,11335,3586,14921
54_conv_standard_3D__square_input__square_kernel.py,kimi,kimi-k3,11369,5555,16924
54_conv_standard_3D__square_input__square_kernel.py,kimi,kimi-k3,11368,2033,13401
54_conv_standard_3D__square_input__square_kernel.py,kimi,kimi-k3,11043,231,11274
54_conv_standard_3D__square_input__square_kernel.py,kimi,kimi-k3,11368,947,12315
54_conv_standard_3D__square_input__square_kernel.py,kimi,kimi-k3,10725,323,11048
54_conv_standard_3D__square_input__square_kernel.py,kimi,kimi-k3,11368,2621,13989
54_conv_standard_3D__square_input__square_kernel.py,kimi,kimi-k3,10672,350,11022
54_conv_standard_3D__square_input__square_kernel.py,kimi,kimi-k3,11368,1031,12399
54_conv_standard_3D__square_input__square_kernel.py,kimi,kimi-k3,10705,214,10919
54_conv_standard_3D__square_input__square_kernel.py,kimi,kimi-k3,11368,2377,13745
54_conv_standard_3D__square_input__square_kernel.py,kimi,kimi-k3,11172,259,11431
54_conv_standard_3D__square_input__square_kernel.py,kimi,kimi-k3,11369,6275,17644
54_conv_standard_3D__square_input__square_kernel.py,kimi,kimi-k3,11320,18218,29538
55_conv_standard_2D__asymmetric_input__square_kernel.py,kimi,kimi-k3,1050,8156,9206
55_conv_standard_2D__asymmetric_input__square_kernel.py,kimi,kimi-k3,6264,7084,13348
55_conv_standard_2D__asymmetric_input__square_kernel.py,kimi,kimi-k3,6852,5680,12532
55_conv_standard_2D__asymmetric_input__square_kernel.py,kimi,kimi-k3,6853,8201,15054
55_conv_standard_2D__asymmetric_input__square_kernel.py,kimi,kimi-k3,6853,10308,17161
55_conv_standard_2D__asymmetric_input__square_kernel.py,kimi,kimi-k3,7081,7145,14226
55_conv_standard_2D__asymmetric_input__square_kernel.py,kimi,kimi-k3,7487,14056,21543
55_conv_standard_2D__asymmetric_input__square_kernel.py,kimi,kimi-k3,8608,6542,15150
55_conv_standard_2D__asymmetric_input__square_kernel.py,kimi,kimi-k3,9240,13572,22812
55_conv_standard_2D__asymmetric_input__square_kernel.py,kimi,kimi-k3,9221,10162,19383
55_conv_standard_2D__asymmetric_input__square_kernel.py,kimi,kimi-k3,9197,17864,27061
58_conv_transposed_3D__asymmetric_input__asymmetric_kernel.py,kimi,kimi-k3,1150,10589,11739
58_conv_transposed_3D__asymmetric_input__asymmetric_kernel.py,kimi,kimi-k3,7157,10244,17401
58_conv_transposed_3D__asymmetric_input__asymmetric_kernel.py,kimi,kimi-k3,7974,7781,15755
58_conv_transposed_3D__asymmetric_input__asymmetric_kernel.py,kimi,kimi-k3,8177,14178,22355
58_conv_transposed_3D__asymmetric_input__asymmetric_kernel.py,kimi,kimi-k3,8486,8222,16708
58_conv_transposed_3D__asymmetric_input__asymmetric_kernel.py,kimi,kimi-k3,8814,5242,14056
58_conv_transposed_3D__asymmetric_input__asymmetric_kernel.py,kimi,kimi-k3,8814,15334,24148
58_conv_transposed_3D__asymmetric_input__asymmetric_kernel.py,kimi,kimi-k3,9748,6894,16642
58_conv_transposed_3D__asymmetric_input__asymmetric_kernel.py,kimi,kimi-k3,10964,8159,19123
58_conv_transposed_3D__asymmetric_input__asymmetric_kernel.py,kimi,kimi-k3,10673,2643,13316
58_conv_transposed_3D__asymmetric_input__asymmetric_kernel.py,kimi,kimi-k3,9064,26046,35110
58_conv_transposed_3D__asymmetric_input__asymmetric_kernel.py,kimi,kimi-k3,9484,14562,24046
58_conv_transposed_3D__asymmetric_input__asymmetric_kernel.py,kimi,kimi-k3,9624,8129,17753
59_conv_standard_3D__asymmetric_input__square_kernel.py,kimi,kimi-k3,1050,10061,11111
59_conv_standard_3D__asymmetric_input__square_kernel.py,kimi,kimi-k3,7155,10265,17420
59_conv_standard_3D__asymmetric_input__square_kernel.py,kimi,kimi-k3,8988,1854,10842
59_conv_standard_3D__asymmetric_input__square_kernel.py,kimi,kimi-k3,7950,349,8299
59_conv_standard_3D__asymmetric_input__square_kernel.py,kimi,kimi-k3,7928,8281,16209
59_conv_standard_3D__asymmetric_input__square_kernel.py,kimi,kimi-k3,8271,32000,40271
80_conv_standard_2D_square_input_asymmetric_kernel___dilated____padded__.py,kimi,kimi-k3,1038,7826,8864
80_conv_standard_2D_square_input_asymmetric_kernel___dilated____padded__.py,kimi,kimi-k3,7785,1267,9052
80_conv_standard_2D_square_input_asymmetric_kernel___dilated____padded__.py,kimi,kimi-k3,6416,622,7038
80_conv_standard_2D_square_input_asymmetric_kernel___dilated____padded__.py,kimi,kimi-k3,6774,8710,15484
80_conv_standard_2D_square_input_asymmetric_kernel___dilated____padded__.py,kimi,kimi-k3,6923,6301,13224
80_conv_standard_2D_square_input_asymmetric_kernel___dilated____padded__.py,kimi,kimi-k3,7439,5566,13005
80_conv_standard_2D_square_input_asymmetric_kernel___dilated____padded__.py,kimi,kimi-k3,7489,9940,17429
80_conv_standard_2D_square_input_asymmetric_kernel___dilated____padded__.py,kimi,kimi-k3,8029,6470,14499
80_conv_standard_2D_square_input_asymmetric_kernel___dilated____padded__.py,kimi,kimi-k3,8566,13028,21594
80_conv_standard_2D_square_input_asymmetric_kernel___dilated____padded__.py,kimi,kimi-k3,9915,7852,17767
80_conv_standard_2D_square_input_asymmetric_kernel___dilated____padded__.py,kimi,kimi-k3,9984,12303,22287
80_conv_standard_2D_square_input_asymmetric_kernel___dilated____padded__.py,kimi,kimi-k3,10114,5260,15374
80_conv_standard_2D_square_input_asymmetric_kernel___dilated____padded__.py,kimi,kimi-k3,9462,4765,14227
80_conv_standard_2D_square_input_asymmetric_kernel___dilated____padded__.py,kimi,kimi-k3,8822,1450,10272
80_conv_standard_2D_square_input_asymmetric_kernel___dilated____padded__.py,kimi,kimi-k3,9462,7291,16753
80_conv_standard_2D_square_input_asymmetric_kernel___dilated____padded__.py,kimi,kimi-k3,9290,564,9854
80_conv_standard_2D_square_input_asymmetric_kernel___dilated____padded__.py,kimi,kimi-k3,10349,4883,15232
83_conv_depthwise_2D_square_input_asymmetric_kernel.py,kimi,kimi-k3,982,4855,5837
83_conv_depthwise_2D_square_input_asymmetric_kernel.py,kimi,kimi-k3,5524,11378,16902
83_conv_depthwise_2D_square_input_asymmetric_kernel.py,kimi,kimi-k3,7003,8068,15071
83_conv_depthwise_2D_square_input_asymmetric_kernel.py,kimi,kimi-k3,7700,9304,17004
83_conv_depthwise_2D_square_input_asymmetric_kernel.py,kimi,kimi-k3,8083,13436,21519
83_conv_depthwise_2D_square_input_asymmetric_kernel.py,kimi,kimi-k3,9588,765,10353
83_conv_depthwise_2D_square_input_asymmetric_kernel.py,kimi,kimi-k3,8564,228,8792
83_conv_depthwise_2D_square_input_asymmetric_kernel.py,kimi,kimi-k3,9588,2051,11639
83_conv_depthwise_2D_square_input_asymmetric_kernel.py,kimi,kimi-k3,8769,289,9058
83_conv_depthwise_2D_square_input_asymmetric_kernel.py,kimi,kimi-k3,8887,6635,15522
83_conv_depthwise_2D_square_input_asymmetric_kernel.py,kimi,kimi-k3,10647,3393,14040
83_conv_depthwise_2D_square_input_asymmetric_kernel.py,kimi,kimi-k3,10844,6558,17402
83_conv_depthwise_2D_square_input_asymmetric_kernel.py,kimi,kimi-k3,10842,9086,19928
83_conv_depthwise_2D_square_input_asymmetric_kernel.py,kimi,kimi-k3,10864,3478,14342
83_conv_depthwise_2D_square_input_asymmetric_kernel.py,kimi,kimi-k3,10896,4096,14992
103_Conv2D_SquareKernel11.py,kimi,kimi-k3,707,5565,6272
103_Conv2D_SquareKernel11.py,kimi,kimi-k3,5399,3863,9262
103_Conv2D_SquareKernel11.py,kimi,kimi-k3,5696,6973,12669
103_Conv2D_SquareKernel11.py,kimi,kimi-k3,5795,2015,7810
103_Conv2D_SquareKernel11.py,kimi,kimi-k3,5795,1584,7379
103_Conv2D_SquareKernel11.py,kimi,kimi-k3,5795,5147,10942
103_Conv2D_SquareKernel11.py,kimi,kimi-k3,5807,11242,17049
103_Conv2D_SquareKernel11.py,kimi,kimi-k3,6998,20793,27791
103_Conv2D_SquareKernel11.py,kimi,kimi-k3,7383,15942,23325
103_Conv2D_SquareKernel11.py,kimi,kimi-k3,8396,2634,11030
103_Conv2D_SquareKernel11.py,kimi,kimi-k3,7813,2529,10342
103_Conv2D_SquareKernel11.py,kimi,kimi-k3,8165,24148,32313
103_Conv2D_SquareKernel11.py,kimi,kimi-k3,9094,9450,18544
33_BatchNorm.py,kimi,kimi-k3,787,9484,10271
33_BatchNorm.py,kimi,kimi-k3,7394,17469,24863
33_BatchNorm.py,kimi,kimi-k3,6634,3224,9858
33_BatchNorm.py,kimi,kimi-k3,7026,3392,10418
33_BatchNorm.py,kimi,kimi-k3,7440,1710,9150
33_BatchNorm.py,kimi,kimi-k3,7689,2091,9780
33_BatchNorm.py,kimi,kimi-k3,7569,4348,11917
33_BatchNorm.py,kimi,kimi-k3,11373,3673,15046
33_BatchNorm.py,kimi,kimi-k3,10957,380,11337
33_BatchNorm.py,kimi,kimi-k3,11373,6537,17910
33_BatchNorm.py,kimi,kimi-k3,10603,771,11374
33_BatchNorm.py,kimi,kimi-k3,8713,2588,11301
33_BatchNorm.py,kimi,kimi-k3,9308,3871,13179
33_BatchNorm.py,kimi,kimi-k3,9378,1660,11038
33_BatchNorm.py,kimi,kimi-k3,9330,7359,16689
33_BatchNorm.py,kimi,kimi-k3,8701,6648,15349
33_BatchNorm.py,kimi,kimi-k3,9082,16224,25306
40_LayerNorm.py,kimi,kimi-k3,792,3038,3830
40_LayerNorm.py,kimi,kimi-k3,4805,2680,7485
40_LayerNorm.py,kimi,kimi-k3,5250,8700,13950
40_LayerNorm.py,kimi,kimi-k3,6292,5920,12212
40_LayerNorm.py,kimi,kimi-k3,5469,6785,12254
40_LayerNorm.py,kimi,kimi-k3,7407,2187,9594
40_LayerNorm.py,kimi,kimi-k3,6057,407,6464
40_LayerNorm.py,kimi,kimi-k3,5855,6666,12521
40_LayerNorm.py,kimi,kimi-k3,6508,4482,10990
40_LayerNorm.py,kimi,kimi-k3,6888,19867,26755
40_LayerNorm.py,kimi,kimi-k3,7997,1067,9064
40_LayerNorm.py,kimi,kimi-k3,6611,264,6875
40_LayerNorm.py,kimi,kimi-k3,7997,729,8726
40_LayerNorm.py,kimi,kimi-k3,6452,312,6764
40_LayerNorm.py,kimi,kimi-k3,7292,25647,32939
40_LayerNorm.py,kimi,kimi-k3,8587,17548,26135
40_LayerNorm.py,kimi,kimi-k3,10997,1140,12137
49_Max_reduction_over_a_dimension.py,kimi,kimi-k3,781,1396,2177
49_Max_reduction_over_a_dimension.py,kimi,kimi-k3,6085,1030,7115
49_Max_reduction_over_a_dimension.py,kimi,kimi-k3,4340,307,4647
49_Max_reduction_over_a_dimension.py,kimi,kimi-k3,4561,4890,9451
49_Max_reduction_over_a_dimension.py,kimi,kimi-k3,4531,5624,10155
49_Max_reduction_over_a_dimension.py,kimi,kimi-k3,5051,17161,22212
49_Max_reduction_over_a_dimension.py,kimi,kimi-k3,5463,4994,10457
49_Max_reduction_over_a_dimension.py,kimi,kimi-k3,5655,7222,12877
49_Max_reduction_over_a_dimension.py,kimi,kimi-k3,5862,2804,8666
49_Max_reduction_over_a_dimension.py,kimi,kimi-k3,5942,6495,12437
49_Max_reduction_over_a_dimension.py,kimi,kimi-k3,8715,4359,13074
49_Max_reduction_over_a_dimension.py,kimi,kimi-k3,8372,8021,16393
49_Max_reduction_over_a_dimension.py,kimi,kimi-k3,8485,13592,22077
53_Min_reduction_over_a_dimension.py,kimi,kimi-k3,781,5037,5818
53_Min_reduction_over_a_dimension.py,kimi,kimi-k3,4526,4358,8884
53_Min_reduction_over_a_dimension.py,kimi,kimi-k3,4847,3237,8084
53_Min_reduction_over_a_dimension.py,kimi,kimi-k3,4847,16426,21273
53_Min_reduction_over_a_dimension.py,kimi,kimi-k3,5589,6943,12532
53_Min_reduction_over_a_dimension.py,kimi,kimi-k3,6426,16526,22952
53_Min_reduction_over_a_dimension.py,kimi,kimi-k3,7033,3072,10105
53_Min_reduction_over_a_dimension.py,kimi,kimi-k3,7022,16642,23664
53_Min_reduction_over_a_dimension.py,kimi,kimi-k3,7557,2895,10452
53_Min_reduction_over_a_dimension.py,kimi,kimi-k3,7758,6579,14337
53_Min_reduction_over_a_dimension.py,kimi,kimi-k3,7865,5200,13065
99_TripletMarginLoss.py,kimi,kimi-k3,753,7588,8341
99_TripletMarginLoss.py,kimi,kimi-k3,5902,4092,9994
99_TripletMarginLoss.py,kimi,kimi-k3,6510,4691,11201
99_TripletMarginLoss.py,kimi,kimi-k3,7565,11791,19356
99_TripletMarginLoss.py,kimi,kimi-k3,7849,2664,10513
99_TripletMarginLoss.py,kimi,kimi-k3,7892,8021,15913
99_TripletMarginLoss.py,kimi,kimi-k3,8092,4647,12739
99_TripletMarginLoss.py,kimi,kimi-k3,7795,6525,14320
99_TripletMarginLoss.py,kimi,kimi-k3,7539,1245,8784
99_TripletMarginLoss.py,kimi,kimi-k3,7306,21807,29113
99_TripletMarginLoss.py,kimi,kimi-k3,7439,3687,11126
